NomeDominio,Stato,DataScadenza,TipoServizio
acceasyproject.eu,Dominio registrato e attivo,16/5/2025,Dominio
adele-project.eu,Dominio registrato e attivo,29/12/2025,Pacchetto Hosting Easy Linux
ai4al.eu,Dominio registrato e attivo,17/1/2026,Pacchetto Hosting Basic Linux
amelieproject.eu,Dominio registrato e attivo,21/1/2027,Pacchetto Hosting Easy Linux
biblio-project.eu,Dominio registrato e attivo,19/12/2025,Pacchetto Hosting Easy Linux
blissproject.eu,Dominio registrato e attivo,19/12/2025,Pacchetto Hosting Basic Linux
cohostproject.eu,Dominio registrato e attivo,03/2/2025,Pacchetto Hosting Basic Linux
cral-lab.eu,Dominio registrato e attivo,23/5/2025,Pacchetto Hosting Basic Linux
creacultura.eu,Dominio registrato e attivo,08/2/2026,Dominio
digcomphub.eu,Dominio registrato e attivo,02/12/2025,Pacchetto Hosting Basic Linux
ecofarms4prisons.eu,Dominio registrato e attivo,14/3/2025,Pacchetto Hosting Basic Linux
ecojobsproject.eu,Dominio registrato e attivo,25/7/2025,Pacchetto Hosting Basic Linux
edaneda.it,Dominio registrato e attivo,15/12/2026,Pacchetto Hosting Basic Linux
edifyeduproject.eu,Dominio registrato e attivo,05/10/2025,Pacchetto Hosting Basic Linux
egina.eu,Dominio registrato e attivo,29/8/2025,Pacchetto Hosting Basic Linux
eginacademy.eu,Dominio registrato e attivo,26/3/2025,Dominio con Redirect + Email
empower4digiline.eu,Dominio registrato e attivo,12/12/2027,Pacchetto Hosting Basic Linux
enneplusproject.eu,Dominio registrato e attivo,07/8/2025,Dominio con email
enneproject.eu,Dominio registrato e attivo,26/10/2025,Pacchetto Hosting Basic Linux
erasmuspluska1.eu,Dominio registrato e attivo,13/9/2025,Hosting Linux Basic
erasmusplussummerschool.eu,Dominio registrato e attivo,02/1/2030,Pacchetto Hosting Basic Linux
faceitproject.eu,Dominio registrato e attivo,14/3/2025,Pacchetto Hosting Basic Linux
gooddeeds.eu,Dominio registrato e attivo,14/9/2025,Pacchetto Hosting Basic Linux
greenatyouplatform.eu,Dominio registrato e attivo,04/4/2025,Pacchetto Hosting Basic Linux
happyschoolproject.eu,Dominio registrato e attivo,09/1/2026,Pacchetto Hosting Basic Linux
innovationstationproject.eu,Dominio registrato e attivo,06/7/2025,Pacchetto Hosting Basic Linux
innoveda.it,Dominio registrato e attivo,28/9/2025,Pacchetto Hosting Easy Linux
insaladsproject.eu,Dominio registrato e attivo,12/2/2025,Pacchetto Hosting Basic Linux
lineup-project.eu,Dominio registrato e attivo,08/11/2025,Pacchetto Hosting Basic Linux
nebvetlabel.eu,Dominio registrato e attivo,25/7/2025,Pacchetto Hosting Basic Linux
proyectocaxato.eu,Dominio registrato e attivo,03/1/2026,Pacchetto Hosting Basic Linux
seed4africa.eu,Dominio registrato e attivo,03/2/2025,Pacchetto Hosting Basic Linux
socialhackademy.it,Dominio registrato e attivo,11/2/2027,Hosting Linux Basic
socialhackathonumbria.info,Dominio registrato e attivo,29/3/2027,Hosting Linux Basic
swedaproject.eu,Dominio registrato e attivo,16/3/2025,Pacchetto Hosting Basic Linux
winbizproject.eu,Dominio registrato e attivo,21/4/2025,Pacchetto Hosting Basic Linux
win-project.eu,Dominio registrato e attivo,21/11/2025,Pacchetto Hosting Basic Linux
youween.eu,Dominio registrato e attivo,20/5/2025,Pacchetto Hosting Basic Linux